<?xml version="1.0" encoding="UTF-8"?>
<!DOCTYPE mapper PUBLIC "-//mybatis.org//DTD Mapper 3.0//EN" "http://mybatis.org/dtd/mybatis-3-mapper.dtd" >
<mapper namespace="demo">
	<insert id="insertDev" parameterType="com.kh.spring.demo.model.vo.Dev">
		INSERT INTO DEV VALUES(seq_dev_no.nextval,#{devName},#{devAge},#{devEmail},#{devGender},
		<!-- <foreach collection="devLang" item="lang" open="'" close="'" separator=",">
		${lang}
		</foreach> -->
		#{devLang, typeHandler=strArray}
		)
	</insert>
	<resultMap type="dev" id="devMap">
		<result column="devLang" property="devLang" typeHandler="strArray"/>
	</resultMap>
	<select id="selectList" resultMap="devMap">
	 SELECT * FROM DEV ORDER BY DEVNO DESC
	</select>
	
	<select id="selectOne" parameterType="_int" resultMap="devMap">
		SELECT * FROM DEV WHERE DEVNO=#{on}
	</select>
	
	<update id="updateDev" parameterType="dev">
		update dev set devName=#{devName},devAge=#{devAge},
				devEmail=#{devEmail},devGender=#{devGender},
				devLang=#{devLang, typeHandler=strArray}
				where devNo=#{devNo}
	</update>

</mapper>





